,rekt_link,project,relevant addresses
0,https://rekt.news/ronin-rekt/,ronin,"['https://etherscan.io/address/0x098b716b8aaf21512996dc57eb0615e2383e2f96', 'https://etherscan.io/tx/0xc28fad5e8d5e0ce6a2eaf67b6687be5d58113e16be590824d6cfa1a94467d0b7', 'https://etherscan.io/tx/0xed2c72ef1a552ddaec6dd1f5cddf0b59a8f37f82bdda5257d9c7c37db7bb9b08', 'https://etherscan.io/address/0x1a2a1c938ce3ec39b6d47113c7955baa9dd454f2', 'https://etherscan.io/address/0xe708f17240732bbfa1baa8513f66b665fbc7ce10', 'https://etherscan.io/tx/0xe0669bbaaa12cf5ecc682848ddc373a9b86e1351bccc01092b744099bf52a87d', 'https://etherscan.io/address/0x098b716b8aaf21512996dc57eb0615e2383e2f96', 'https://etherscan.io/tx/0x99d8dfd159e678135634bf3e1c7d7f6af1db3fc87f90bcce675a2e4dbd491eda', 'https://etherscan.io/address/0x3C5c2F4bCeC51a36494682f91Dbc6cA7c63B514C', 'https://etherscan.io/address/0x3C5c2F4bCeC51a36494682f91Dbc6cA7c63B514C']"
1,https://rekt.news/polynetwork-rekt/,polynetwork,"['https://etherscan.io/address/0xc8a65fadf0e0ddaf421f28feab69bf6e2e589963', 'https://bscscan.com/address/0x0D6e286A7cfD25E0c01fEe9756765D8033B32C71', 'https://etherscan.io/address/0x250e76987d838a75310c34bf422ea9f1ac4cc906', 'https://bscscan.com/address/0x05f0fDD0E49A5225011fff92aD85cC68e1D1F08e', 'https://polygonscan.com/address/0x28FF66a1B95d7CAcf8eDED2e658f768F44841212', 'https://etherscan.io/address/0xC8a65Fadf0e0dDAf421F28FEAb69Bf6E2E589963', 'https://bscscan.com/address/0x0D6e286A7cfD25E0c01fEe9756765D8033B32C71', 'https://polygonscan.com/address/0x5dc3603C9D42Ff184153a8a9094a73d461663214', 'https://etherscan.io/address/0xf8b5c45c6388c9ee12546061786026aaeaa4b682', 'https://etherscan.io/tx/0xae2442c5b5721df8c190fd8f59b53b6dc56a875fb03035ad34276a598ddf7d31', 'https://etherscan.io/tx/0xdf3afc47c7914e06ddb1be19afcd769e558111d353e55273a62c4a96e6a6090f', 'https://etherscan.io/tx/0x7b6009ea08c868d7c5c336bf1bc30c33b87a0eedd59dac8c26e6a8551b20b68a', 'https://etherscan.io/tx/0x7b6009ea08c868d7c5c336bf1bc30c33b87a0eedd59dac8c26e6a8551b20b68a', 'https://etherscan.io/address/0x71fb9db587f6d47ac8192cd76110e05b8fd2142f#tokentxns', 'https://bscscan.com/address/0xEEBb0c4a5017bEd8079B88F35528eF2c722b31fc', 'https://polygonscan.com/address/0xa4b291ed1220310d3120f515b5b7accaecd66f17', 'https://etherscan.io/address/0x3C5c2F4bCeC51a36494682f91Dbc6cA7c63B514C', 'https://etherscan.io/address/0x3C5c2F4bCeC51a36494682f91Dbc6cA7c63B514C']"
2,https://rekt.news/wormhole-rekt/,wormhole,"['https://etherscan.io/address/0x629e7da20197a5429d30da36e77d06cdf796b71a', 'https://solscan.io/tx/5fKWY7XyW6PTzjviTDvCTpsqgfoGAAqUs1mC6w4DZm25Ppw7fX7aWDmrnkknewyZ81qMSix3c18ZuvjoZUF34tpa', 'https://solscan.io/tx/25Zu1L2Q9uk998d5GMnX43t9u9eVBKvbVtgHndkc2GmUFed8Pu73LGW6hiDsmGXHykKUTLkvUdh4yXPdL3Jo4wVS', 'https://etherscan.io/address/0x629e7da20197a5429d30da36e77d06cdf796b71a#internaltx', 'https://solscan.io/tx/2zCz2GgSoSS68eNJENWrYB48dMM1zmH8SZkgYneVDv2G4gRsVfwu5rNXtK5BKFxn7fSqX9BvrBc1rdPAeBEcD6Es', 'https://solscan.io/tx/2SohoVoPDSdzgsGCgKQPByKQkLAXHrYmvtE7EEqwKi3qUBTGDDJ7DcfYS7YJC2f8xwKVVa6SFUpH5MZ5xcyn1BCK', 'https://etherscan.io/tx/0x4d5201dd4a377f20e61fb8f42e6f929ec16bcec918f0584e39241d15b254a80f', 'https://etherscan.io/tx/0xd31b155e259a403ebe69831fae0ec2b4bd33dfa090c43b605a57d5c72c4fbbc7', 'https://etherscan.io/tx/0xacd309b02e4b533484d148de9ab0adf367ed4e70ed751d1ff036152dc3bc0479', 'https://etherscan.io/address/0x629e7da20197a5429d30da36e77d06cdf796b71a', 'https://etherscan.io/tx/0x2d8b7901bff18ae6abe1a50aebe44b70559f39ff357b21340843d368b9486859', 'https://etherscan.io/address/0x3C5c2F4bCeC51a36494682f91Dbc6cA7c63B514C', 'https://etherscan.io/address/0x3C5c2F4bCeC51a36494682f91Dbc6cA7c63B514C']"
3,https://rekt.news/bitmart-rekt/,bitmart,"['https://etherscan.io/tx/0x951babdddbfbbba81bbbb7991a959d9815e80cc5d9418d10e692f41541029869', 'https://etherscan.io/tx/0x6afb730976b2cf39e5ea7ce8a56c3597728e4e5923f7abae7086fb53019e81e8', 'https://bscscan.com/tx/0x834321195283c5eafbc8a31b6a6926c9af416ee23bd4d71ab15eb9089a90d86d', 'https://etherscan.io/address/0x68b22215ff74e3606bd5e6c1de8c2d68180c85f7', 'https://bscscan.com/address/0x8c128dba2cb66399341aa877315be1054be75da8', 'https://etherscan.io/address/0x39fb0dcd13945b835d47410ae0de7181d3edf270', 'https://etherscan.io/address/0x4bb7d80282f5e0616705d7f832acfc59f89f7091', 'https://bscscan.com/address/0x25fb126b6c6b5c8ef732b86822fa0f0024e16c61', 'https://etherscan.io/address/0x3C5c2F4bCeC51a36494682f91Dbc6cA7c63B514C', 'https://etherscan.io/address/0x3C5c2F4bCeC51a36494682f91Dbc6cA7c63B514C']"
4,https://rekt.news/beanstalk-rekt/,beanstalk,"['https://etherscan.io/address/0x1c5dcdd006ea78a7e4783f9e6021c32935a10fb4', 'https://etherscan.io/address/0x79224bc0bf70ec34f0ef56ed8251619499a59def', 'https://etherscan.io/address/0xe5ecf73603d98a0128f05ed30506ac7a663dbb69', 'https://etherscan.io/tx/0x68cdec0ac76454c3b0f7af0b8a3895db00adf6daaf3b50a99716858c4fa54c6f', 'https://etherscan.io/address/0xe5ecf73603d98a0128f05ed30506ac7a663dbb69', 'https://etherscan.io/tx/0xcd314668aaa9bbfebaf1a0bd2b6553d01dd58899c508d4729fa7311dc5d33ad7', 'https://etherscan.io/address/0x3C5c2F4bCeC51a36494682f91Dbc6cA7c63B514C', 'https://etherscan.io/address/0x3C5c2F4bCeC51a36494682f91Dbc6cA7c63B514C']"
5,https://rekt.news/compound-rekt/,compound,"['https://etherscan.io/tx/0x02ba168f4d4fc313d095e9f0711447e8b96b26421539bd40be58243cd80a73cd', 'https://etherscan.io/address/0x3C5c2F4bCeC51a36494682f91Dbc6cA7c63B514C', 'https://etherscan.io/address/0x3C5c2F4bCeC51a36494682f91Dbc6cA7c63B514C']"
6,https://rekt.news/vulcan-forged-rekt/,vulcan,"['https://etherscan.io/address/0x48ad05a3B73c9E7fAC5918857687d6A11d2c73B1', 'https://polygonscan.com/address/0x48ad05a3B73c9E7fAC5918857687d6A11d2c73B1', 'https://etherscan.io/address/0xe3cd90be37a79d9da86b5e14e2f6042cd0e53b66', 'https://etherscan.io/address/0x3C5c2F4bCeC51a36494682f91Dbc6cA7c63B514C', 'https://etherscan.io/address/0x3C5c2F4bCeC51a36494682f91Dbc6cA7c63B514C']"
7,https://rekt.news/cream-rekt-2/,cream,"['https://etherscan.io/address/0x961d2b694d9097f35cfffa363ef98823928a330d', 'https://etherscan.io/address/0x24354d31bc9d90f62fe5f2454709c32049cf866b', 'https://etherscan.io/tx/0xafd29e7918112de30a8c994f19bb503ee9ce717030b0da43a68e2bd9ae25f86a', 'https://etherscan.io/address/0x961d2b694d9097f35cfffa363ef98823928a330d', 'https://etherscan.io/address/0x24354d31bc9d90f62fe5f2454709c32049cf866b', 'https://etherscan.io/tx/0x753cce254051aae778af6f46e999ed9927cc4d93e5cfb95b23f90ff902d7c090', 'https://etherscan.io/tx/0xaa47963fc4471f81550a830d679c0c14a9ba30d886a8c70ae9653bd78a55b089', 'https://etherscan.io/tx/0x9fdcfe7ba45d092ac3f819f746fa2000a344861f3cc100fdefc1c0957cdba7a1', 'https://etherscan.io/tx/0xc79559d42a4c25c92ca8511c3dd5dfcdd41f0382e1f7577abc7224c5ae8ac343', 'https://etherscan.io/tx/0x606bdd12584ccda8a3ecdb9e4bd43046d066d2b223d857121eec51820f34cc89', 'https://etherscan.io/tx/0x0fe2542079644e107cbf13690eb9c2c65963ccb79089ff96bfaf8dced2331c92', 'https://etherscan.io/address/0x3C5c2F4bCeC51a36494682f91Dbc6cA7c63B514C', 'https://etherscan.io/address/0x3C5c2F4bCeC51a36494682f91Dbc6cA7c63B514C']"
8,https://rekt.news/badger-rekt/,badger,"['https://etherscan.io/address/0x1fcdb04d0c5364fbd92c73ca8af9baa72c269107', 'https://etherscan.io/tokenapprovalchecker', 'https://etherscan.io/tx/0x951babdddbfbbba81bbbb7991a959d9815e80cc5d9418d10e692f41541029869', 'https://etherscan.io/address/0x53461e4fddcc1385f1256ae24ce3505be664f249', 'https://etherscan.io/tx/0x5e4c7966b0eaddaf63f1c89fc1c4c84812905ea79c6bee9d2ada2d2e5afe1f34', 'https://etherscan.io/address/0x3C5c2F4bCeC51a36494682f91Dbc6cA7c63B514C', 'https://etherscan.io/address/0x3C5c2F4bCeC51a36494682f91Dbc6cA7c63B514C']"
9,https://rekt.news/harmony-rekt/,harmony,"['https://etherscan.io/address/0x715CdDa5e9Ad30A0cEd14940F9997EE611496De6', 'https://etherscan.io/address/0xf845A7ee8477AD1FB4446651E548901a2635A915', 'https://etherscan.io/address/0x812d8622C6F3c45959439e7ede3C580dA06f8f25', 'https://etherscan.io/address/0x0d043128146654c7683fbf30ac98d7b2285ded00', 'https://etherscan.io/address/0xf9fb1c508ff49f78b60d3a96dea99fa5d7f3a8a6', 'https://etherscan.io/address/0x2dCCDB493827E15a5dC8f8b72147E6c4A5620857', 'https://etherscan.io/address/0xfd53b1b4af84d59b20bf2c20ca89a6beeaa2c628', 'https://etherscan.io/tx/0x27981c7289c372e601c9475e5b5466310be18ed10b59d1ac840145f6e7804c97', 'https://etherscan.io/tx/0x44256bb81181bcaf7b5662614c7ee5f6c30d14e1c8239f006f84864a9cda9f77', 'https://etherscan.io/tokentxns?a=0x0d043128146654c7683fbf30ac98d7b2285ded00', 'https://etherscan.io/address/0x9e91ae672e7f7330fc6b9bab9c259bd94cd08715', 'https://etherscan.io/address/0x58f4baccb411acef70a5f6dd174af7854fc48fa9', 'https://bscscan.com/address/0x0d043128146654c7683fbf30ac98d7b2285ded00', 'https://etherscan.io/address/0x3C5c2F4bCeC51a36494682f91Dbc6cA7c63B514C', 'https://etherscan.io/address/0x3C5c2F4bCeC51a36494682f91Dbc6cA7c63B514C']"
10,https://rekt.news/mirror-rekt/,mirror,"['https://etherscan.io/address/0x3C5c2F4bCeC51a36494682f91Dbc6cA7c63B514C', 'https://etherscan.io/address/0x3C5c2F4bCeC51a36494682f91Dbc6cA7c63B514C']"
11,https://rekt.news/fei-rari-rekt/,fei,"['https://etherscan.io/tx/0xab486012f21be741c9e674ffda227e30518e8a1e37a5f1d58d0b0d41f6e76530', 'https://etherscan.io/address/0x6162759edad730152f0df8115c698a42e666157f', 'https://etherscan.io/address/0xE39f3C40966DF56c69AA508D8AD459E77B8a2bc1', 'https://etherscan.io/address/0x32075bad9050d4767018084f0cb87b3182d36c45', 'https://arbiscan.io/tx/0x3212d091792f81f18a31aab753de6b3128d79dcb5e8392167249595f813203ef', 'https://etherscan.io/tx/0xcbe38d148c0c3ebe486d49a3bdf399650be794716390135c0d2f3aa459a4a4cd', 'https://etherscan.io/address/0x3C5c2F4bCeC51a36494682f91Dbc6cA7c63B514C', 'https://etherscan.io/address/0x3C5c2F4bCeC51a36494682f91Dbc6cA7c63B514C']"
12,https://rekt.news/qubit-rekt/,qubit,"['https://etherscan.io/address/0xd01ae1a708614948b2b5e0b7ab5be6afa01325c7', 'https://etherscan.io/tx/0x8d2e9fd13c3e3f59eac17ff55bb0a0b10eee965a2e768e60832b1b3d5b80ebfb', 'https://bscscan.com/tx/0x50946e3e4ccb7d39f3512b7ecb75df66e6868b9af0eee8a7e4b61ef8a459518e', 'https://bscscan.com/address/0xd01ae1a708614948b2b5e0b7ab5be6afa01325c7', 'https://etherscan.io/address/0x3C5c2F4bCeC51a36494682f91Dbc6cA7c63B514C', 'https://etherscan.io/address/0x3C5c2F4bCeC51a36494682f91Dbc6cA7c63B514C']"
13,https://rekt.news/ascendex-rekt/,ascendex,"['https://etherscan.io/address/0x2c6900b24221de2b4a45c8c89482fff96ffb7e55', 'https://bscscan.com/address/0x2C6900b24221dE2B4A45c8c89482fFF96FFB7E55', 'https://polygonscan.com/address/0x2C6900b24221dE2B4A45c8c89482fFF96FFB7E55', 'https://etherscan.io/address/0x3C5c2F4bCeC51a36494682f91Dbc6cA7c63B514C', 'https://etherscan.io/address/0x3C5c2F4bCeC51a36494682f91Dbc6cA7c63B514C']"
14,https://rekt.news/easyfi-rekt/,easyfi,"['https://etherscan.io/address/0x83a2EB63B6Cc296529468Afa85DbDe4A469d8B37#tokentxns', 'https://etherscan.io/address/0x3C5c2F4bCeC51a36494682f91Dbc6cA7c63B514C', 'https://etherscan.io/address/0x3C5c2F4bCeC51a36494682f91Dbc6cA7c63B514C']"
15,https://rekt.news/uranium-rekt/,uranium,"['https://etherscan.io/address/0x3C5c2F4bCeC51a36494682f91Dbc6cA7c63B514C', 'https://etherscan.io/address/0x3C5c2F4bCeC51a36494682f91Dbc6cA7c63B514C']"
16,https://rekt.news/bzx-rekt/,bzx,"['https://polygonscan.com/address/0xafad9352eb6bcd085dd68268d353d0ed2571af89', 'https://bscscan.com/address/0x0ACC0e5faA09Cb1976237c3a9aF3D3d4b2f35FA5', 'https://bscscan.com/address/0x74487eed1e67f4787e8c0570e8d5d168a05254d4', 'https://bscscan.com/address/0x967bb571f0fc9ee79c892abf9f99233aa1737e31', 'https://etherscan.io/address/0x74487eEd1E67F4787E8C0570E8D5d168a05254D4', 'https://polygonscan.com/tokenapprovalchecker', 'https://bscscan.com/tokenapprovalchecker', 'https://etherscan.io/tx/0xee445ec9a098e9b8db744a5677422515602dc8dfb35ea60865b65c73b1704dfc', 'https://etherscan.io/tx/0xffb56ebef55a9bd4e963557bcc97594ceff97207b2aa680f7d2b9c9615cedcba', 'https://etherscan.io/tx/0x099aac0b0d308b7c17ea62bafbec06760cb044fb049e80ea72a810d170eafed0', 'https://polygonscan.com/tx/0x8eebe7f20a89c6a63b45ed870d3f98ad5c4dc19dc7bf37ee6e050069aa48693c', 'https://etherscan.io/address/0x3C5c2F4bCeC51a36494682f91Dbc6cA7c63B514C', 'https://etherscan.io/address/0x3C5c2F4bCeC51a36494682f91Dbc6cA7c63B514C']"
17,https://rekt.news/cashio-rekt/,cashio,"['https://solscan.io/tx/3t1zqtKk4CgCk5ZDZMGSwdfvvWPekyQ5r8Prhk9MiR5Sw8vujCnFBncAuFCttw3oXzacMRH9ud3VY5virUY2Z39y', 'https://solscan.io/tx/2X1TKidhbocN5HRLVWRUk8W1YSQH9b6VH7biAm1ad5jwTZNrPSxajz2cyorrvqtUbWUAmCb52Yqk8VxYF2P6H5tP', 'https://solscan.io/tx/4g5okypEDK9xdDwcootYz86uzTXm41VX7WosiJETGisiG2XpvNgT59djDiD2vwstQtCFF9bqSnViYJGF9Z9QrUvV', 'https://solscan.io/tx/pjUgAeUfWaSSJuw2Cq1cQ9gHNWs8jkxJMtHqVAMuwhg3Uk9LN9Y2obfwt6Qm8bztg56xidWBMytzmqyWzvbsrwH', 'https://etherscan.io/address/0x86766247ba3405c5f15f06b895294200809e9cfb', 'https://solscan.io/account/6D7fgzpPZXtDB6Zqg3xRwfbohzerbytB2U5pFchnVuzw', 'https://etherscan.io/tx/0xa8394d2e55042f84d096c72dd1075fa2648faf88e248c7992273b4d50a6a647b', 'https://etherscan.io/address/0x86766247ba3405c5f15f06b895294200809e9cfb', 'https://etherscan.io/address/0x3C5c2F4bCeC51a36494682f91Dbc6cA7c63B514C', 'https://etherscan.io/address/0x3C5c2F4bCeC51a36494682f91Dbc6cA7c63B514C']"
18,https://rekt.news/pancakebunny-rekt/,pancakebunny,"['https://bscscan.com/tx/0x897c2de73dd55d7701e1b69ffb3a17b0f4801ced88b0c75fe1551c5fcce6a979', 'https://etherscan.io/address/0x3C5c2F4bCeC51a36494682f91Dbc6cA7c63B514C', 'https://etherscan.io/address/0x3C5c2F4bCeC51a36494682f91Dbc6cA7c63B514C']"
19,https://rekt.news/epic-hack-homie/,epic,"['https://etherscan.io/tokenholdings?a=0xeb31973e0febf3e3d7058234a5ebbae1ab4b8c23', 'https://etherscan.io/address/0x00600423c03ec4b46f9b8a28c66d42bdd1b19c36', 'https://etherscan.io/address/0xf519e276958c3ef2dffd9b6b2d87d26859526505', 'https://etherscan.io/tx/0xc6eb6440d4f2c8b649ee7e647e90ea3a354e0bb300540c95d2464553f6b6cff8', 'https://etherscan.io/address/0x3C5c2F4bCeC51a36494682f91Dbc6cA7c63B514C', 'https://etherscan.io/address/0x3C5c2F4bCeC51a36494682f91Dbc6cA7c63B514C']"
20,https://rekt.news/alpha-finance-rekt/,alpha,"['https://etherscan.io/address/0x5cfd0cddf989959a6a6c3ad985ce324460d46dfd', 'https://etherscan.io/tx/0x2b419173c1f116e94e43afed15a46e3b3a109e118aba166fcca0ba583f686d23', 'https://etherscan.io/tx/0x4441eefe434fbef9d9b3acb169e35eb7b3958763b74c5617b39034decd4dd3ad', 'https://etherscan.io/tx/0xcc57ac77dc3953de7832162ea4cd925970e064ead3f6861ee40076aca8e7e571', 'https://etherscan.io/tx/0xf31ee9d9e83db3592601b854fe4f8b872cecd0ea2a3247c475eea8062a20dd41', 'https://etherscan.io/tx/0x98f623af655f1e27e1c04ffe0bc8c9bbdb35d39999913bedfe712d4058c67c0e', 'https://etherscan.io/tx/0x2e387620bb31c067efc878346742637d650843210596e770d4e2d601de5409e3', 'https://etherscan.io/tx/0x64de824a7aa339ff41b1487194ca634a9ce35a32c65f4e78eb3893cc183532a4', 'https://etherscan.io/tx/0x7eb2436eedd39c8865fcc1e51ae4a245e89765f4c64a13200c623f676b3912f9', 'https://etherscan.io/tx/0xd7a91172c3fd09acb75a9447189e1178ae70517698f249b84062681f43f0e26e', 'https://etherscan.io/tx/0xacec6ddb7db4baa66c0fb6289c25a833d93d2d9eb4fbe9a8d8495e5bfa24ba57', 'https://etherscan.io/tx/0x745ddedf268f60ea4a038991d46b33b7a1d4e5a9ff2767cdba2d3af69f43eb1b', 'https://etherscan.io/tx/0xc60bc6ab561af2a19ebc9e57b44b21774e489bb07f75cb367d69841b372fe896', 'https://etherscan.io/address/0x3C5c2F4bCeC51a36494682f91Dbc6cA7c63B514C', 'https://etherscan.io/address/0x3C5c2F4bCeC51a36494682f91Dbc6cA7c63B514C']"
21,https://rekt.news/veefinance-rekt/,veefinance,"['https://etherscan.io/address/0xeeee458c3a5eaafcfd68681d405fb55ef80595ba', 'https://etherscan.io/address/0xeeee458c3a5eaafcfd68681d405fb55ef80595ba', 'https://etherscan.io/tx/0x1faa95fa7a542b34563a387d63c1c61d89e4a5e30848567d1e097753b3f7713f', 'https://etherscan.io/tx/0x3e25d185a72a62c9e0d6bfa58b7a917978674b8aa97ecce3f6caa2ff2c59f3c2', 'https://etherscan.io/tx/0x34b1765ee7778ada497af55856e52f2ce9259918ba56ae3d9c9fd06685c4e8e8', 'https://etherscan.io/tx/0x8af5730d2a4f3e2eb3e229f79d7ce6b6ee946fd228f182c6c3a70651acb98669', 'https://etherscan.io/tx/0x83c3ff56ae9cfdae1679abd69c0be9070fdaf646e04b23572e0bf3ecbbee961a', 'https://etherscan.io/tx/0x066f2970fee658c063bc8e909f1fbf6d583b62704aab022fbd060b1b17ffc99f', 'https://etherscan.io/address/0x3C5c2F4bCeC51a36494682f91Dbc6cA7c63B514C', 'https://etherscan.io/address/0x3C5c2F4bCeC51a36494682f91Dbc6cA7c63B514C']"
22,https://rekt.news/cryptocom-rekt/,cryptocom,"['https://etherscan.io/address/0x6e1218c55f1acb588fc5e55b721f1183d7d29d3d', 'https://etherscan.io/address/0x3C5c2F4bCeC51a36494682f91Dbc6cA7c63B514C', 'https://etherscan.io/address/0x3C5c2F4bCeC51a36494682f91Dbc6cA7c63B514C']"
23,https://rekt.news/meerkat-finance-bsc-rekt/,meerkat,"['https://bscscan.com/', 'https://bscscan.com/tx/0xfcf48681e382e9f9cc1d6a64ff30487306f6b869924c6594075fcc86b3b21f5d', 'https://bscscan.com/address/0x49509a31898452529a69a64156ab66167e755dfb', 'https://bscscan.com/address/0x3586a7d9904e9f350bb7828dff05bf46a18bb271', 'https://bscscan.com/tx/0x063970f8625f250101a7da8abf914748cf8eaaaa9458041f1928501accfe5d6c', 'https://bscscan.com/tx/0xf19fa4bcff4adaebeddd28c851458ba0f01ffedd52b62df56ace94e7c8842553', 'https://etherscan.io/address/0x3C5c2F4bCeC51a36494682f91Dbc6cA7c63B514C', 'https://etherscan.io/address/0x3C5c2F4bCeC51a36494682f91Dbc6cA7c63B514C']"
24,https://rekt.news/monox-rekt/,monox,"['https://polygonscan.com/address/0x3826367A5563eCE9C164eFf9701146d96cC70AD9', 'https://etherscan.io/address/0xC36a7887786389405EA8DA0B87602Ae3902B88A1', 'https://polygonscan.com/tx/0x5a03b9c03eedcb9ec6e70c6841eaa4976a732d050a6218969e39483bb3004d5d', 'https://etherscan.io/tx/0x9f14d093a2349de08f02fc0fb018dadb449351d0cdb7d0738ff69cc6fef5f299', 'https://polygonscan.com/address/0x119914de3ae03256fd58b66cd6b8c6a12c70cfb2', 'https://etherscan.io/address/0xf079d7911c13369e7fd85607970036d2883afcfd', 'https://polygonscan.com/address/0x8f6a86f3ab015f4d03ddb13abb02710e6d7ab31b#tokentxns', 'https://etherscan.io/address/0x8f6a86f3ab015f4d03ddb13abb02710e6d7ab31b#tokentxns', 'https://etherscan.io/address/0x3C5c2F4bCeC51a36494682f91Dbc6cA7c63B514C', 'https://etherscan.io/address/0x3C5c2F4bCeC51a36494682f91Dbc6cA7c63B514C']"
25,https://rekt.news/spartan-rekt/,spartan,"['https://bscscan.io/address/0x3b6e77722e2bbe97c1cfa337b42c0939aeb83671', 'https://etherscan.io/address/0x3C5c2F4bCeC51a36494682f91Dbc6cA7c63B514C', 'https://etherscan.io/address/0x3C5c2F4bCeC51a36494682f91Dbc6cA7c63B514C']"
26,https://rekt.news/grim-finance-rekt/,grim,"['https://ftmscan.com/tx/0x19315e5b150d0a83e797203bb9c957ec1fa8a6f404f4f761d970cb29a74a5dd6', 'https://ftmscan.com/address/0xdefc385d7038f391eb0063c2f7c238cfb55b206c', 'https://etherscan.io/address/0x3C5c2F4bCeC51a36494682f91Dbc6cA7c63B514C', 'https://etherscan.io/address/0x3C5c2F4bCeC51a36494682f91Dbc6cA7c63B514C']"
27,https://rekt.news/wintermute-rekt/,wintermute,"['https://etherscan.io/address/0x4f3a120e72c76c22ae802d129f599bfdbc31cb81', 'https://optimistic.etherscan.io/address/0x4f3a120e72c76c22ae802d129f599bfdbc31cb81', 'https://optimistic.etherscan.io/tx/0xf79ed3037b55fbfd305007da2f19fb7960d31b8410453c679313e37a6d8548f4', 'https://optimistic.etherscan.io/tx/0x0c1d6166293924566ea0ca32d07379c7033a8b8f2558f667f917543e51dd474a', 'https://optimistic.etherscan.io/tx/0x8e29eef359f6c18a06e229157d44467b5e873f6e5b996baa7124b38eb6dfb1db', 'https://etherscan.io/tx/0xd705178d68551a6a6f65ca74363264b32150857a26dd62c27f3f96b8ec69ca01#eventlog', 'https://etherscan.io/address/0x76e2cfc1f5fa8f6a5b3fc4c8f4788f0116861f9b#code', 'https://optimistic.etherscan.io/tx/0x00a3da68f0f6a69cb067f09c3f7e741a01636cbc27a84c603b468f65271d415b#eventlog', 'https://optimistic.etherscan.io/address/0x8BcFe4f1358E50A1db10025D731C8b3b17f04DBB', 'https://optimistic.etherscan.io/address/0xe7145dd6287ae53326347f3a6694fcf2954bcd8a', 'https://optimistic.etherscan.io/tx/0x06cbffe3dcbf9405f5b50aafbdec542cfaeecaeed580c3cc51a0604e423f91eb', 'https://etherscan.io/address/0x4f3a120e72c76c22ae802d129f599bfdbc31cb81', 'https://optimistic.etherscan.io/address/0x4f3a120e72c76c22ae802d129f599bfdbc31cb81', 'https://optimistic.etherscan.io/tx/0x230e17117986f0dc7259db824de1d00c6cf455c925c0c8c6b89bf0b6756a7b7e', 'https://optimistic.etherscan.io/address/0x60b28637879b5a09d21b68040020ffbf7dba5107', 'https://optimistic.etherscan.io/tx/0xe9491bfb9a1ad13a47f3c1f61197b097416cbed2e32e038dd3de97172ddee303', 'https://optimistic.etherscan.io/tx/0xdb693613d550e38d53d47b5fd07ce505e24e141db146fa1321710c9a86d9db6a', 'https://optimistic.etherscan.io/address/0x8bcfe4f1358e50a1db10025d731c8b3b17f04dbb#internaltx', 'https://etherscan.io/address/0x3C5c2F4bCeC51a36494682f91Dbc6cA7c63B514C', 'https://etherscan.io/address/0x3C5c2F4bCeC51a36494682f91Dbc6cA7c63B514C']"
28,https://rekt.news/stablemagnet-rekt/,stablemagnet,"['https://bscscan.com/tx/0xf0ba46c8a20e1e75ad382e42c509bf71393e1b3b90326165c747a5d3cc5d967c', 'https://bscscan.com/address/0xE25d05777BB4bD0FD0Ca1297C434e612803eaA9a', 'https://bscscan.com/address/0x2bac04457e5de654cf1600b803e714c2c3fb96d7#tokentxns', 'https://etherscan.io/address/0xDF5B180c0734fC448BE30B7FF2c5bFc262bDEF26#tokentxns', 'https://etherscan.io/address/0xe5daac909a3205f99d370bc2b32b1810a4912a07#tokentxns', 'https://bscscan.com/address/0xf84c682279E6B687Fc3449954e25377ECC1A59f9', 'https://bscscan.com/address/0x16a4a0bb3c8b3dde8459f192b9ae09cad7b95a70', 'https://etherscan.io/address/0x3C5c2F4bCeC51a36494682f91Dbc6cA7c63B514C', 'https://etherscan.io/address/0x3C5c2F4bCeC51a36494682f91Dbc6cA7c63B514C']"
29,https://rekt.news/paid-rekt/,paid,"['https://etherscan.io/token/0x8c8687fc965593dfb2f0b4eaefd55e9d8df348df?a=0xd500aa2cffb70f460f4da6afa038ce35bed029bc…', 'https://etherscan.io/token/0x8c8687fc965593dfb2f0b4eaefd55e9d8df348df?a=0x18738290af1aaf96f0acfa945c9c31ab21cd65be', 'https://etherscan.io/address/0x3C5c2F4bCeC51a36494682f91Dbc6cA7c63B514C', 'https://etherscan.io/address/0x3C5c2F4bCeC51a36494682f91Dbc6cA7c63B514C']"
30,https://rekt.news/harvest-finance-rekt/,harvest,"['https://etherscan.io/tx/0x9d093325272701d63fdafb0af2d89c7e23eaf18be1a51c580d9bce89987a2dc1/advanced#internal', 'https://etherscan.io/address/0xf224ab004461540778a914ea397c589b677e27bb', 'https://etherscan.io/tx/0x5abe6f9b498471042f6c9f68c63fc3d84398b95a3a9e58c621cee09b3c972879', 'https://etherscan.io/tx/0xb460b70f11a93364fecf1f3c3ec49f053aecd2d6d9912c012170aa7a0de2d526', 'https://etherscan.io/address/0x3C5c2F4bCeC51a36494682f91Dbc6cA7c63B514C', 'https://etherscan.io/address/0x3C5c2F4bCeC51a36494682f91Dbc6cA7c63B514C']"
31,https://rekt.news/xtoken-rekt/,xtoken,"['https://etherscan.io/address/0x3C5c2F4bCeC51a36494682f91Dbc6cA7c63B514C', 'https://etherscan.io/address/0x3C5c2F4bCeC51a36494682f91Dbc6cA7c63B514C']"
32,https://rekt.news/elephant-money-rekt/,elephant,"['https://bscscan.com/tx/0xec317deb2f3efdc1dbf7ed5d3902cdf2c33ae512151646383a8cf8cbcd3d4577', 'https://etherscan.io/address/0x3C5c2F4bCeC51a36494682f91Dbc6cA7c63B514C', 'https://etherscan.io/address/0x3C5c2F4bCeC51a36494682f91Dbc6cA7c63B514C']"
33,https://rekt.news/venus-blizz-rekt/,venus,"['https://bscscan.com/address/0xec72d46011d67a6ac4fa7d3f476fa2049dc807ee#readContract', 'https://etherscan.io/address/0x3C5c2F4bCeC51a36494682f91Dbc6cA7c63B514C', 'https://etherscan.io/address/0x3C5c2F4bCeC51a36494682f91Dbc6cA7c63B514C']"
34,https://rekt.news/popsicle-rekt/,popsicle,"['https://etherscan.io/address/0xf9e3d08196f76f5078882d98941b71c0884bea52', 'https://etherscan.io/tx/0xcd7dae143a4c0223349c16237ce4cd7696b1638d116a72755231ede872ab70fc', 'https://etherscan.io/address/0xf9e3d08196f76f5078882d98941b71c0884bea52', 'https://etherscan.io/address/0x3C5c2F4bCeC51a36494682f91Dbc6cA7c63B514C', 'https://etherscan.io/address/0x3C5c2F4bCeC51a36494682f91Dbc6cA7c63B514C']"
35,https://rekt.news/pickle-finance-rekt/,pickle,"['https://etherscan.io/tx/0xb108205dc90466104f10d3e465593825ea88420cd8db6df29afd57e62df5cba6', 'https://etherscan.io/address/0x3C5c2F4bCeC51a36494682f91Dbc6cA7c63B514C', 'https://etherscan.io/address/0x3C5c2F4bCeC51a36494682f91Dbc6cA7c63B514C']"
36,https://rekt.news/cream-rekt/,cream,"['https://etherscan.io/address/0xff20817765cb7f73d4bde2e66e067e58d11095c2#code', 'https://etherscan.io/tx/0xa9a1b8ea288eb9ad315088f17f7c7386b9989c95b4d13c81b69d5ddad7ffe61e', 'https://etherscan.io/address/0x38c40427efbaae566407e4cde2a91947df0bd22b', 'https://etherscan.io/address/0x0ec306d7634314d35139d1df4a630d829475a125', 'https://etherscan.io/address/0xce1f4b4f17224ec6df16eeb1e3e5321c54ff6ede', 'https://etherscan.io/address/0xce1f4b4f17224ec6df16eeb1e3e5321c54ff6ede', 'https://etherscan.io/address/0x3C5c2F4bCeC51a36494682f91Dbc6cA7c63B514C', 'https://etherscan.io/address/0x3C5c2F4bCeC51a36494682f91Dbc6cA7c63B514C']"
37,https://rekt.news/snowdog-rekt/,snowdog,"['https://etherscan.io/address/0xae41199b0d576dbe43fbc8a81bd192d7b86b1c3b', 'https://etherscan.io/address/0x83170aa4ae32edc5d86df2e170e373fbf795c37d', 'https://etherscan.io/address/0x3C5c2F4bCeC51a36494682f91Dbc6cA7c63B514C', 'https://etherscan.io/address/0x3C5c2F4bCeC51a36494682f91Dbc6cA7c63B514C']"
38,https://rekt.news/bearn-rekt/,bearn,"['https://bscscan.com/token/0x7c9e73d4c71dae564d41f78d56439bb4ba87592f', 'https://bscscan.com/token/0xe9e7cea3dedca5984780bafc599bd69add087d56', 'https://bscscan.com/address/0x47f341d896b08daacb344d9021f955247e50d089', 'https://etherscan.io/address/0x3C5c2F4bCeC51a36494682f91Dbc6cA7c63B514C', 'https://etherscan.io/address/0x3C5c2F4bCeC51a36494682f91Dbc6cA7c63B514C']"
39,https://rekt.news/indexed-finance-rekt/,indexed,"['https://etherscan.io/tx/0x50af8eb95eeebf2ceb8e5a141841ad5bde7ddcc0bdc206ad761322cb26e4ec75', 'https://etherscan.io/address/0xba5ed1488be60ba2facc6b66c6d6f0befba22ebe', 'https://etherscan.io/tx/0x44aad3b853866468161735496a5d9cc961ce5aa872924c5d78673076b1cd95aa', 'https://etherscan.io/address/0xba5ed1488be60ba2facc6b66c6d6f0befba22ebe', 'https://etherscan.io/address/0x3C5c2F4bCeC51a36494682f91Dbc6cA7c63B514C', 'https://etherscan.io/address/0x3C5c2F4bCeC51a36494682f91Dbc6cA7c63B514C']"
40,https://rekt.news/inverse-finance-rekt/,inverse,"['https://etherscan.io/address/0x3C5c2F4bCeC51a36494682f91Dbc6cA7c63B514C', 'https://etherscan.io/address/0x3C5c2F4bCeC51a36494682f91Dbc6cA7c63B514C']"
41,https://rekt.news/eminence-rekt-in-prod/,eminence,"['https://etherscan.io/address/0x2d407ddb06311396fe14d4b49da5f0471447d45c#tokentxns.', 'https://etherscan.io/address/0x223034edbe95823c1160c16f26e3000315171ca9#tokentxns', 'https://etherscan.io/tx/0x7bc97357364222207f1f011b22ad98ba78fcd3c25d3398346caa3928cdf4a4dd', 'https://etherscan.io/tx/0x7bc97357364222207f1f011b22ad98ba78fcd3c25d3398346caa3928cdf4a4dd', 'https://etherscan.io/tx/0x7bc97357364222207f1f011b22ad98ba78fcd3c25d3398346caa3928cdf4a4dd', 'https://etherscan.io/address/0x3C5c2F4bCeC51a36494682f91Dbc6cA7c63B514C', 'https://etherscan.io/address/0x3C5c2F4bCeC51a36494682f91Dbc6cA7c63B514C']"
42,https://rekt.news/furucombo-rekt/,furucombo,"['https://etherscan.io/address/0xb624E2b10b84a41687caeC94BDd484E48d76B212', 'https://etherscan.io/address/0x17e8Ca1b4798B97602895f63206afCd1Fc90Ca5f', 'https://etherscan.io/address/0x86765dde9304bea32f65330d266155c4fa0c4f04', 'https://etherscan.io/tx/0x5af11a27e98a167b61b01fea093cf612d5ec76c20fd2032f2d1aa49c8b1ee529', 'https://etherscan.io/tx/0x6a14869266a1dcf3f51b102f44b7af7d0a56f1766e5b1908ac80a6a23dbaf449#statechange…', 'https://etherscan.io/tokenapprovalchecker', 'https://etherscan.io/address/0x3C5c2F4bCeC51a36494682f91Dbc6cA7c63B514C', 'https://etherscan.io/address/0x3C5c2F4bCeC51a36494682f91Dbc6cA7c63B514C']"
43,https://rekt.news/deus-dao-rekt-2/,deus,"['https://ftmscan.com/tx/0x8589e136e6ad927096d07baa16852d16f11456c0446efb8f1ecd467ce0d4cb10', 'https://etherscan.io/address/0x700a81265ea72f609eaf9d0f08356c94b1c5af52#internaltx', 'https://etherscan.io/tx/0x96a06ee8ffc205f33ec6a2645bf240d1b577cd8085e1504525c108997e833fb8', 'https://etherscan.io/tx/0xf4b19a90df1eed9faf8672876996f56ed57fc3702d98d3efa2262a598b102428', 'https://ftmscan.com/tx/0x80e70a4956216630aa0d9ec4edc1a1c3dd35cec898b6cfda05fda9435bd270f8', 'https://ftmscan.com/tx/0x39825ff84b44d9c9983b4cff464d4746d1ae5432977b9a65a92ab47edac9c9b5', 'https://ftmscan.com/address/0x701428525cbac59dae7af833f19d9c3aaa2a37cb', 'https://etherscan.io/address/0x701428525cbac59dae7af833f19d9c3aaa2a37cb', 'https://ftmscan.com/tx/0x8589e136e6ad927096d07baa16852d16f11456c0446efb8f1ecd467ce0d4cb10', 'https://ftmscan.com/tx/0x39825ff84b44d9c9983b4cff464d4746d1ae5432977b9a65a92ab47edac9c9b5', 'https://ftmscan.com/address/0x701428525cbac59dae7af833f19d9c3aaa2a37cb', 'https://etherscan.io/address/0x701428525cbac59dae7af833f19d9c3aaa2a37cb', 'https://etherscan.io/address/0x3C5c2F4bCeC51a36494682f91Dbc6cA7c63B514C', 'https://etherscan.io/address/0x3C5c2F4bCeC51a36494682f91Dbc6cA7c63B514C']"
44,https://rekt.news/deathbed-confessions-c3pr/,deathbed,"['https://etherscan.io/address/0x944f214a343025593d8d9fd2b2a6d43886fb2474', 'https://etherscan.io/address/0x079667f4f7a0b440ad35ebd780efd216751f0758', 'https://etherscan.io/tx/0x2fc406e07328e04022b555b5cab69bc932d29d1115eca3d121cbd49da90fb817', 'https://etherscan.io/address/0x8f332c9ffb2be270d5c1c0de3fdac3d993517593', 'https://etherscan.io/address/0xd6c35c1828a7062e21468768c546a64dd1be1602', 'https://etherscan.io/address/0x079667f4f7a0b440ad35ebd780efd216751f0758', 'https://etherscan.io/address/0x079667f4f7a0b440ad35ebd780efd216751f0758', 'https://etherscan.io/address/0x079667f4f7a0b440ad35ebd780efd216751f0758', 'https://etherscan.io/address/0x079667f4f7a0b440ad35ebd780efd216751f0758', 'https://etherscan.io/address/0x079667f4f7a0b440ad35ebd780efd216751f0758', 'https://etherscan.io/address/0x079667f4f7a0b440ad35ebd780efd216751f0758', 'https://etherscan.io/address/0x079667f4f7a0b440ad35ebd780efd216751f0758', 'https://etherscan.io/address/0x3C5c2F4bCeC51a36494682f91Dbc6cA7c63B514C', 'https://etherscan.io/address/0x3C5c2F4bCeC51a36494682f91Dbc6cA7c63B514C']"
45,https://rekt.news/agave-hundred-rekt/,agave,"['https://etherscan.io/address/0x0a16a85be44627c10cee75db06b169c7bc76de2c', 'https://etherscan.io/address/0xd041ad9aae5cf96b21c3ffcb303a0cb80779e358', 'https://etherscan.io/address/0x3C5c2F4bCeC51a36494682f91Dbc6cA7c63B514C', 'https://etherscan.io/address/0x3C5c2F4bCeC51a36494682f91Dbc6cA7c63B514C']"
46,https://rekt.news/saddle-finance-rekt2/,saddle,"['https://etherscan.io/address/0x88cc4aa0dd6cf126b00c012dda9f6f4fd9388b17#code', 'https://etherscan.io/address/0x824dcd7b044d60df2e89b1bb888e66d8bcf41491', 'https://etherscan.io/tx/0xfc5fb681f54ceb4b0b9db4fcb38204dee7ca89f5cde0ba94179bf1fae563d7db', 'https://etherscan.io/address/0x63341ba917de90498f3903b199df5699b4a55ac0', 'https://etherscan.io/tx/0x2b023d65485c4bb68d781960c2196588d03b871dc9eb1c054f596b7ca6f7da56', 'https://etherscan.io/tx/0xe7e0474793aad11875c131ebd7582c8b73499dd3c5a473b59e6762d4e373d7b8', 'https://etherscan.io/address/0x63341ba917de90498f3903b199df5699b4a55ac0', 'https://etherscan.io/address/0x3C5c2F4bCeC51a36494682f91Dbc6cA7c63B514C', 'https://etherscan.io/address/0x3C5c2F4bCeC51a36494682f91Dbc6cA7c63B514C']"
47,https://rekt.news/value-rekt3/,value,"['https://bscscan.com/tx/0x2fd0aaf0bad8e81d28d0ee6e4f4b5cbba693d7d0d063d1662653cdd2a135c2de', 'https://etherscan.io/address/0x3C5c2F4bCeC51a36494682f91Dbc6cA7c63B514C', 'https://etherscan.io/address/0x3C5c2F4bCeC51a36494682f91Dbc6cA7c63B514C']"
48,https://rekt.news/yearn-rekt/,yearn,"['https://etherscan.io/address/0x62494b3ed9663334e57f23532155ea0575c487c5Attac', 'https://etherscan.io/tx/0x7ee28e342573ff7b8fb4bd2e4373e742cf80d8f8c7f8764cc6b70439dc33f037', 'https://etherscan.io/tx/0x13c12895d44f8b890af2187b93b97bec01dd34eeb026ac9669d8412e57d64446', 'https://etherscan.io/tx/0x6b07e3faaa419ea5a3d58929e07b872f8529441064eb576d61ef5edd697f7256', 'https://etherscan.io/tx/0xcacdc95bd65556426bae39025ddb1deafb65acb908be49fb7186bb750f7a369f', 'https://etherscan.io/address/0x3C5c2F4bCeC51a36494682f91Dbc6cA7c63B514C', 'https://etherscan.io/address/0x3C5c2F4bCeC51a36494682f91Dbc6cA7c63B514C']"
49,https://rekt.news/dego-finance-rekt/,dego,"['https://etherscan.io/address/0x118203b0f2a3ef9e749d871c8fef5e5e55ef5c91', 'https://bscscan.com/address/0x118203b0f2a3ef9e749d871c8fef5e5e55ef5c91', 'https://etherscan.io/tx/0x9b65bb0e9899a56dff9a14aa6ac33dfb64d2e5b9906199367a7c1191720d0834', 'https://etherscan.io/address/0x3C5c2F4bCeC51a36494682f91Dbc6cA7c63B514C', 'https://etherscan.io/address/0x3C5c2F4bCeC51a36494682f91Dbc6cA7c63B514C']"
50,https://rekt.news/arbix-rekt/,arbix,"['https://bscscan.com/address/0x4714a26e4e2e1334c80575332ec9eb043b61a2c4', 'https://bscscan.com/tx/0xfbba507c8e90a264d5e77e5db854f5697572da1681f3647d4fa4381f7ef825b9', 'https://bscscan.com/tx/0x55d17937c5ff918a9314dd96d75ce770c9d8a06f119fbbe28359387a1c69ec39', 'https://bscscan.com/tx/0xb5682534481ffd22db6ba777051049e2c9805d6bd04733772915e84f8a32a5a5', 'https://bscscan.com/tx/0x79f40c432499301f8aa2d9fdddc0d451655f1ec6be6b97e425ef29130bb6f954', 'https://bscscan.com/tx/0x5fac3ef218e76a7bbfa38284df91a0baad4bf5ef068ecc2045feac4238356aa0', 'https://bscscan.com/tx/0x91981907416ab908ec4134f12204a837b5207fb6fe31c7a7e93a5df503a25b6b', 'https://bscscan.com/address/0x161262d172699cf0a5e09b6cdfa5fee7f32c183d', 'https://bscscan.com/tx/0x4707d30a8d8152eebad1cdcae1d93af24cb9a344b447412ee1d65638b5c3db6f', 'https://bscscan.com/tx/0xb86dc583850e8497f1b721c70403da160c0f504a5fac1e74bbeaf3125e235ec9', 'https://bscscan.com/address/0x4714a26e4e2e1334c80575332ec9eb043b61a2c4', 'https://etherscan.io/address/0x4714a26e4e2e1334c80575332ec9eb043b61a2c4', 'https://etherscan.io/address/0x4714a26e4e2e1334c80575332ec9eb043b61a2c4', 'https://etherscan.io/address/0x3C5c2F4bCeC51a36494682f91Dbc6cA7c63B514C', 'https://etherscan.io/address/0x3C5c2F4bCeC51a36494682f91Dbc6cA7c63B514C']"
51,https://rekt.news/rari-capital-rekt/,rari,"['https://etherscan.io/tx/0xb7faca63a73d5d0490dda1c390577db3f30414cd91ce462e45c1e7f37c258519', 'https://etherscan.io/address/0x3C5c2F4bCeC51a36494682f91Dbc6cA7c63B514C', 'https://etherscan.io/address/0x3C5c2F4bCeC51a36494682f91Dbc6cA7c63B514C']"
52,https://rekt.news/value-rekt2/,value,"['https://bscscan.com/tx/0xd3382252bc204fdc32a6b3add8c639850882b70a798399d6e00a542cdf769040', 'https://bscscan.com/tx/0x9ba0454c2301ad5780795ae7477e9fa7e38226be16cc282158624479e66389b6', 'https://bscscan.com/tokentxns?a=0xef63ad578e75d498d0723e5420fa1962b1d28764', 'https://bscscan.com/address/0x7a8ac384d3a9086afcc13eb58e90916f17affc89#code', 'https://etherscan.io/address/0x3C5c2F4bCeC51a36494682f91Dbc6cA7c63B514C', 'https://etherscan.io/address/0x3C5c2F4bCeC51a36494682f91Dbc6cA7c63B514C']"
53,https://rekt.news/cover-rekt/,cover,"['https://etherscan.io/token/0xC8D2AB2a6FdEbC25432E54941cb85b55b9f152dB', 'https://etherscan.io/address/0x59686e01aa841f622a43688153062c2f24f8fded', 'https://etherscan.io/tx/0xe5173fffaed3342b53d41319dc538e7923e287e962df2d27f5e425c633db45d4', 'https://etherscan.io/tx/0xd721b0ef2886f14b75548b70d2d1fd82bea085ca24f5de29b833a64cfd8f7a50', 'https://etherscan.io/tx/0xadf27f5dd052482d46fdf69a5208a27cc7352522c7c19bbde5aee18f6ea4373b', 'https://etherscan.io/tx/0x66128a1685605b1798c852e14db0b0232a56e3bebf7f3f35b168642801754beb', 'https://etherscan.io/tx/0xf81fb72ee096e0d7afe4b99a55b723110604fb26ec82846043cfc396e1fa79da', 'https://etherscan.io/address/0x85abf036ca922e56fed670f4d3ce53fc4ea52b95#tokentxns', 'https://etherscan.io/address/0x00007569643bc1709561ec2e86f385df3759e5dd', 'https://etherscan.io/tx/0x77490baee41a9b35a6e87d49453c7329c7517c10ce6ce26b4c142692a2877e65', 'https://etherscan.io/address/0x00007569643bc1709561ec2e86f385df3759e5dd', 'https://etherscan.io/tx/0x88ce99fc1cb695db82d83ce5fe587396744841d3a123687f95b18df6a3106818', 'https://etherscan.io/address/0xdf1aefb979d180b4d67cca9abb4c5108c89dc8a4', 'https://etherscan.io/tx/0xa27fb73caddb1cf24aa7a5afe84eed13db2f0a889a6ee0f3d5e6226a76c0fd9c', 'https://etherscan.io/address/0x00007569643bc1709561ec2e86f385df3759e5dd', 'https://etherscan.io/tx/0xbd1fcda7006ddd58b18cb3bfbd01ef2d1a979be596e1c73be1d7d65fd7eb8215', 'https://etherscan.io/address/0x00007569643bc1709561ec2e86f385df3759e5dd', 'https://etherscan.io/tx/0xca135d1c4268d6354a019b66946d4fbe4de6f7ddf0ff56389a5cc2ba695b035f', 'https://etherscan.io/address/0x00007569643bc1709561ec2e86f385df3759e5dd', 'https://etherscan.io/tx/0xaf94d9b537a13819e873b37160594af2b1cc70b420d0b160a02e341566866a6b', 'https://etherscan.io/tx/0x01b3517845ed9c6b7b40d57bd71ac1a89fec080c5b8988f764d8226ac5caa959', 'https://etherscan.io/address/0x00007569643bc1709561ec2e86f385df3759e5dd', 'https://etherscan.io/tx/0xe6c068ca3605228b2435a414f2b372057340f77d3fe9f1d3967eb1ad128cb5d2', 'https://etherscan.io/address/0x00007569643bc1709561ec2e86f385df3759e5dd', 'https://etherscan.io/tx/0x23cb9bdf14eed955a84da3f3cfcf296356c0f897dec0b99e85151a7f084a3051', 'https://etherscan.io/tx/0xc2fd5094c1e108f83222a86bd46b35fc0da35616385d681964b22003643f982e', 'https://etherscan.io/address/0x3C5c2F4bCeC51a36494682f91Dbc6cA7c63B514C', 'https://etherscan.io/address/0x3C5c2F4bCeC51a36494682f91Dbc6cA7c63B514C']"
54,https://rekt.news/punkprotocol-rekt/,punkprotocol,"['https://etherscan.io/address/0x1695ce70da4521cb94dea036e6ebcf1e8a073ee6', 'https://etherscan.io/txs?a=0x1d5a56402425c1099497c1ad715a6b56aaccb72b', 'https://etherscan.io/tx/0x60c0757b82e82c9bb3e658d2d5a49e94630d04eb1bd735077ffed4e60e2403b5', 'https://etherscan.io/tx/0x4dc506ec5e9de2bb4053de7fd6054176a51da5408752265c9c3058b53778718b', 'https://etherscan.io/tx/0x4c8072a57869a908688795356777270a77f56ae47d8f1d869be0d25e807e03b1', 'https://etherscan.io/tx/0x7604c7dd6e9bcdba8bac277f1f8e7c1e4c6bb57afd4ddf6a16f629e8495a0281', 'https://etherscan.io/tx/0x597d11c05563611cb4ad4ed4c57ca53bbe3b7d3fefc37d1ef0724ad58904742b', 'https://etherscan.io/tx/0x008dd92f8bcfcee400aed26d13495fbfc8351f9b21289792fc2bb9e771668147', 'https://etherscan.io/tx/0xace7c07695ec1bbf917486c3c81ee7de79c04e0309d4f6a149688463e6f83247', 'https://etherscan.io/address/0xec36e96739b0fe73f5d078952850d1fc608e7652', 'https://etherscan.io/address/0x3C5c2F4bCeC51a36494682f91Dbc6cA7c63B514C', 'https://etherscan.io/address/0x3C5c2F4bCeC51a36494682f91Dbc6cA7c63B514C']"
55,https://rekt.news/superfluid-rekt/,superfluid,"['https://polygonscan.com/address/0x1574f7f4c9d3aca2ebce918e5d19d18ae853c090', 'https://polygonscan.com/tx/0xdee86cae2e1bab16496a49b2ec61aae0472a7ccf06f79744d42473e96edd6af6', 'https://polygonscan.com/tx/0xc37151aaefa7e937c97156ca43e3d486299aa89a603d22355592ddd00bfe687a', 'https://polygonscan.com/tx/0x741908f9707d9dd3a52525380d69f9e74a26d52350308227b84c3ad2db45449f', 'https://polygonscan.com/tx/0x026032084b3f7c658b7c3467d8567922e3ad93c755669ab0d92f01f040a18dea', 'https://polygonscan.com/tx/0x8dd5e00a54742f182eee7277a3326efd434f893fd94f5473f9ca1f0fd0358577', 'https://polygonscan.com/tx/0x9fdbcaefcd2bae1d873720ae8dfb741986818bfc1b5cf8af0a891b99b7bd14b1', 'https://polygonscan.com/tx/0xd12c38ce2346bbc29a845dd9099a8d3626ad12e74579be46485e31653a3888bc', 'https://polygonscan.com/tx/0x32df8bbeba3a8fcdba51c2a7daa316078cd65345a74b765b8fa2ce6787c91f28', 'https://polygonscan.com/tx/0x0553be6c6f969c4f91850532f68f4e8bae5824392140edb13c3bfd6f6cb8d35e', 'https://polygonscan.com/tx/0x7a9b9ad4634fea8681e34c150ef561bf0ced199a3347888dfc448e4164583f7d', 'https://polygonscan.com/tx/0x554f5688fb8d31bcd9affc90d16f0326a8d09b0469dbb581580c7187201ef6ba', 'https://polygonscan.com/tx/0x396b6ee91216cf6e7c89f0c6044dfc97e84647f5007a658ca899040471ab4d67', 'https://polygonscan.com/tx/0x5f9fd626df2fcfef5899c10cea2ec329e76dc0d4350b4c8cf28ce776785e1952', 'https://etherscan.io/address/0x3C5c2F4bCeC51a36494682f91Dbc6cA7c63B514C', 'https://etherscan.io/address/0x3C5c2F4bCeC51a36494682f91Dbc6cA7c63B514C']"
56,https://rekt.news/visor-finance-rekt/,visor,"['https://etherscan.io/address/0x8efab89b497b887cdaa2fb08ff71e4b3827774b2', 'https://etherscan.io/tx/0x660b97542ade1e533bd5e098dbe53da26b63d53a3c2c4dd46b481a91bd075ead', 'https://etherscan.io/tx/0x69272d8c84d67d1da2f6425b339192fa472898dce936f24818fda415c1c1ff3f', 'https://etherscan.io/address/0xc9f27a50f82571c1c8423a42970613b8dbda14ef#code', 'https://etherscan.io/address/0x10c509aa9ab291c76c45414e7cdbd375e1d5ace8', 'https://etherscan.io/tx/0x27f2210536553392cf180c0b37055b3dc92094a5d585d7d2a51f790c9145e47c', 'https://etherscan.io/tx/0x69272d8c84d67d1da2f6425b339192fa472898dce936f24818fda415c1c1ff3f', 'https://etherscan.io/tx/0x6eabef1bf310a1361041d97897c192581cd9870f6a39040cd24d7de2335b4546', 'https://etherscan.io/tx/0x0e16210218ecc487a35b9ff48fe3d9f3e9b0f50330f9e7805e38135732b85270', 'https://etherscan.io/address/0x3C5c2F4bCeC51a36494682f91Dbc6cA7c63B514C', 'https://etherscan.io/address/0x3C5c2F4bCeC51a36494682f91Dbc6cA7c63B514C']"
57,https://rekt.news/thorchain-rekt2/,thorchain,"['https://etherscan.io/address/0xc145990e84155416144c532e31f89b840ca8c2ce', 'https://etherscan.io/address/0xf56cba49337a624e94042e325ad6bc864436e370', 'https://etherscan.io/address/0x700196e226283671a3de6704ebcdb37a76658805', 'https://etherscan.io/address/0x8c1944fac705ef172f21f905b5523ae260f76d62', 'https://etherscan.io/address/0x700196e226283671a3de6704ebcdb37a76658805', 'https://etherscan.io/tx/0x10352e6ec052771a92f05f93e037e066873f64bb502d4488726697987f054595', 'https://etherscan.io/tx/0x1c6ef4d5122f1287085097ac37df076d43f389bfc62a1bdfcd3163254b5fe94a', 'https://etherscan.io/tx/0x0b39a878f1bf3daa78be149222dd8e5fa3e37b54d0451872b3d7a2cbf7f070e2', 'https://etherscan.io/tx/0x01f38f17ba838b54350f8e2a2bd54fcdd9cf3c45fa1d2a735f5311507671be9e', 'https://etherscan.io/tx/0xa89d90f300fed8d1d987dec86d0d628f31ffd2d8aefdd857ad90151084531d4c', 'https://etherscan.io/tx/0x9db403ad39d3fe78de378af0b49f03d244326662f7fee230db87d12a624f564b', 'https://etherscan.io/address/0xd95e6eab231b9f3afa24c31c7050bd84c2982072#tokentxns', 'https://etherscan.io/token/0x3155ba85d5f96b2d030a4966af206230e46849cb', 'https://etherscan.io/tx/0x30588af6b5337d9ea229339287fa230bf307120252ed06018efb7abf85696285', 'https://etherscan.io/address/0x3C5c2F4bCeC51a36494682f91Dbc6cA7c63B514C', 'https://etherscan.io/address/0x3C5c2F4bCeC51a36494682f91Dbc6cA7c63B514C']"
58,https://rekt.news/hack-epidemic/,hack,"['https://etherscan.io/address/0x3C5c2F4bCeC51a36494682f91Dbc6cA7c63B514C', 'https://etherscan.io/address/0x3C5c2F4bCeC51a36494682f91Dbc6cA7c63B514C']"
59,https://rekt.news/lcx-rekt/,lcx,"['https://etherscan.io/address/0x4631018f63d5e31680fb53c11c9e1b11f1503e6f', 'https://etherscan.io/address/0x165402279f2c081c54b00f0e08812f3fd4560a05', 'https://etherscan.io/address/0x3C5c2F4bCeC51a36494682f91Dbc6cA7c63B514C', 'https://etherscan.io/address/0x3C5c2F4bCeC51a36494682f91Dbc6cA7c63B514C']"
60,https://rekt.news/anyswap-rekt/,anyswap,"['https://etherscan.io/address/0x0aE1554860E51844B61AE20823eF1268C3949f7C', 'https://etherscan.io/tx/0xecaaf8b57b6587412242fdc040bd6cc084077a07f4def24b4adae6fbe8254ae3', 'https://etherscan.io/tx/0xc80e7cfeb16143cba4d5fb3b192b7dbe70e9bcd5ca0348facd20bf2d05693070', 'https://bscscan.com/tx/0xa8a75905573cce1c6781a59a5d8bc7a8bfb6c8539ca298cbf507a292091ad4b5', 'https://ftmscan.com/tx/0x7312936a28b143d797b4860cf1d36ad2cc951fdbe0f04ddfeddae7499d8368f8', 'https://etherscan.io/address/0x3C5c2F4bCeC51a36494682f91Dbc6cA7c63B514C', 'https://etherscan.io/address/0x3C5c2F4bCeC51a36494682f91Dbc6cA7c63B514C']"
61,https://rekt.news/warp-finance-rekt/,warp,"['https://etherscan.io/address/0xdf8bee861227ffc5eea819c332a1c170ae3dbacb', 'https://etherscan.io/address/0x4A224CD0517f08B26608a2f73bF390b01a6618c8', 'https://etherscan.io/address/0xBa539B9a5C2d412Cb10e5770435f362094f9541c', 'https://etherscan.io/address/0x3c37f97F7d8f705cc230f97a0668f77a0e05D0aA', 'https://etherscan.io/address/0x13db1CB418573f4c3A2ea36486F0E421bC0D2427', 'https://etherscan.io/address/0xCDb97F4C32F065b8e93cF16BB1E5d198bcF8cA0d', 'https://etherscan.io/address/0xb64dfae5122D70Fa932f563c53921FE33967B3E0', 'https://etherscan.io/address/0x6046c3Ab74e6cE761d218B9117d5c63200f4b406', 'https://etherscan.io/address/0xDadd9bA311192d360Df13395E137f1E673C91deB', 'https://etherscan.io/address/0xae465FD39B519602eE28F062037F7B9c41FDc8cF', 'https://etherscan.io/address/0x3C5c2F4bCeC51a36494682f91Dbc6cA7c63B514C', 'https://etherscan.io/address/0x3C5c2F4bCeC51a36494682f91Dbc6cA7c63B514C']"
62,https://rekt.news/meter-rekt/,meter,"['https://etherscan.io/address/0x8d3d13cac607B7297Ff61A5E1E71072758AF4D01', 'https://etherscan.io/address/0x3C5c2F4bCeC51a36494682f91Dbc6cA7c63B514C', 'https://etherscan.io/address/0x3C5c2F4bCeC51a36494682f91Dbc6cA7c63B514C']"
63,https://rekt.news/burgerswap-rekt/,burgerswap,"['https://etherscan.io/address/0x3C5c2F4bCeC51a36494682f91Dbc6cA7c63B514C', 'https://etherscan.io/address/0x3C5c2F4bCeC51a36494682f91Dbc6cA7c63B514C']"
64,https://rekt.news/value-defi-rekt/,value,"['https://etherscan.io/tx/0x46a03488247425f845e444b9c10b52ba3c14927c687d38287c0faddc7471150a', 'https://etherscan.io/address/0x3C5c2F4bCeC51a36494682f91Dbc6cA7c63B514C', 'https://etherscan.io/address/0x3C5c2F4bCeC51a36494682f91Dbc6cA7c63B514C']"
65,https://rekt.news/alchemix-rekt/,alchemix,"['https://etherscan.io/address/0x3C5c2F4bCeC51a36494682f91Dbc6cA7c63B514C', 'https://etherscan.io/address/0x3C5c2F4bCeC51a36494682f91Dbc6cA7c63B514C']"
66,https://rekt.news/belt-rekt/,belt,"['https://etherscan.io/address/0x3C5c2F4bCeC51a36494682f91Dbc6cA7c63B514C', 'https://etherscan.io/address/0x3C5c2F4bCeC51a36494682f91Dbc6cA7c63B514C']"
67,https://rekt.news/bondly-rekt/,bondly,"['https://etherscan.io/address/0x58a058ca4b1b2b183077e830bc929b5eb0d3330c', 'https://etherscan.io/address/0xc433d50dd0614c81ee314289ec82aa63710d25e8', 'https://etherscan.io/address/0xc433d50dd0614c81ee314289ec82aa63710d25e8#tokentxns', 'https://etherscan.io/address/0x3C5c2F4bCeC51a36494682f91Dbc6cA7c63B514C', 'https://etherscan.io/address/0x3C5c2F4bCeC51a36494682f91Dbc6cA7c63B514C']"
68,https://rekt.news/inverse-rekt2/,inverse,"['https://etherscan.io/tx/0x84ee1ce4dd2aa5113aa7191baaea5f77ac85f6c95cba16135e89b11c272817e5', 'https://etherscan.io/address/0x7b792e49f640676b3706d666075e903b3a4deec6', 'https://etherscan.io/address/0xf508c58ce37ce40a40997c715075172691f92e2d', 'https://etherscan.io/tx/0x958236266991bc3fe3b77feaacea120f172c0708ad01c7a715b255f218f9313c', 'https://etherscan.io/tx/0x3d2f86c1c289731f56bed95dce20434eff48e3bd4a50cdc007ef5d0a2177a9f7', 'https://etherscan.io/tx/0x9959f8f10f59b3b88a5499066a21237e492f193e5ff2950bcc7e6c1f5e1fa60c', 'https://etherscan.io/address/0x3C5c2F4bCeC51a36494682f91Dbc6cA7c63B514C', 'https://etherscan.io/address/0x3C5c2F4bCeC51a36494682f91Dbc6cA7c63B514C']"
69,https://rekt.news/roll-rekt/,roll,"['https://etherscan.io/tx/0xfa36e3169bea7f56065a65ab1ccf47d340a68b374278fadfc43e926d4163f94f', 'https://etherscan.io/address/0x5fe4e7124d1da9046edc67a6499b565241be0167', 'https://etherscan.io/address/0x3C5c2F4bCeC51a36494682f91Dbc6cA7c63B514C', 'https://etherscan.io/address/0x3C5c2F4bCeC51a36494682f91Dbc6cA7c63B514C']"
70,https://rekt.news/thorchain-rekt/,thorchain,"['https://etherscan.io/address/0x3a196410a0f5facd08fd7880a4b8551cd085c031', 'https://etherscan.io/address/0x4a33862042d004d3fc45e284e1aafa05b48e3c9c', 'https://etherscan.io/address/0x4b713980d60b4994e0aa298a66805ec0d35ebc5a', 'https://etherscan.io/address/0x4a33862042d004d3fc45e284e1aafa05b48e3c9c', 'https://etherscan.io/address/0x3C5c2F4bCeC51a36494682f91Dbc6cA7c63B514C', 'https://etherscan.io/address/0x3C5c2F4bCeC51a36494682f91Dbc6cA7c63B514C']"
71,https://rekt.news/xtoken-rekt-x2/,xtoken,"['https://etherscan.io/tx/0x924e6a6288587b497f73ddcf6ae3c184f15ab35dfcb85f3074b55266974029ef', 'https://etherscan.io/address/0x3C5c2F4bCeC51a36494682f91Dbc6cA7c63B514C', 'https://etherscan.io/address/0x3C5c2F4bCeC51a36494682f91Dbc6cA7c63B514C']"
72,https://rekt.news/11-rekt/,11,"['https://bscscan.com/tx/0xeaaa8f4d33b1035a790f0d7c4eb6e38db7d6d3b580e0bbc9ba39a9d6b80dd250', 'https://etherscan.io/address/0x3C5c2F4bCeC51a36494682f91Dbc6cA7c63B514C', 'https://etherscan.io/address/0x3C5c2F4bCeC51a36494682f91Dbc6cA7c63B514C']"
73,https://rekt.news/chainswap-rekt/,chainswap,"['https://etherscan.io/address/0xEda5066780dE29D00dfb54581A707ef6F52D8113', 'https://bscscan.com/tx/0x83b4adaf73ad34c5c53aa9b805579ed74bc1391c5297201e6457cde709dff723', 'https://etherscan.io/address/0x3C5c2F4bCeC51a36494682f91Dbc6cA7c63B514C', 'https://etherscan.io/address/0x3C5c2F4bCeC51a36494682f91Dbc6cA7c63B514C']"
74,https://rekt.news/voltage-finance-rekt/,voltage,"['https://etherscan.io/address/0x371d7c9e4464576d45f11b27cf88578983d63d75#tokentxns', 'https://etherscan.io/tx/0x98c46fc95b196ca35b2acb2e02bb9b6901df6a9a2e356629e9cbb42017a24efb', 'https://etherscan.io/address/0xbcdb800d77ccaac6597830b026d6af78a1118f42#tokentxns', 'https://etherscan.io/address/0x3C5c2F4bCeC51a36494682f91Dbc6cA7c63B514C', 'https://etherscan.io/address/0x3C5c2F4bCeC51a36494682f91Dbc6cA7c63B514C']"
75,https://rekt.news/daomaker-rekt/,daomaker,"['https://etherscan.io/address/0x6e70c88be1d5c2a4c0c8205764d01abe6a3d2e22', 'https://etherscan.io/tx/0xcb5be97496995d58da6f97491845040547b878e53a7b71f907a13408f3a54e5f', 'https://etherscan.io/address/0xd6c8dd834abeeefa7a663c1265ce840ca457b1ec', 'https://etherscan.io/tx/0x4c273c2403aafd97e4b553f0e381cf1c63e5f2efebbe2ded7642a06f2b68c879', 'https://etherscan.io/tx/0xec2115ddb7f5020b2410978bb13cd23a9a38291d35be310d7825e7faeb6df1f4', 'https://etherscan.io/address/0xdd571023d95ff6ce5716bf112ccb752e86212167', 'https://etherscan.io/tx/0x1692a57f19b5e8e4bc6a372ac3c83c77cd4a1ea78414377ea66d3d59f4a7d2b7', 'https://etherscan.io/address/0xa43b89d5e7951d410585360f6808133e8b919289', 'https://etherscan.io/tx/0xdd0176475165b83c702d49a876d4dc888b73477ad8833582c72aa6ca5e0bacc3', 'https://etherscan.io/address/0xcf28556ee95be8c52ad2f3480149128cca51dac1', 'https://etherscan.io/tx/0xbf38346aacf261f5e169a87ed874c33c21efb060c4a393e2b1443a3ac5d6e3fd', 'https://etherscan.io/tx/0x3436af2c84d67254a4b81adc350c91d1b98ae52b2ff84645d14d4245c2d08c27', 'https://etherscan.io/tx/0xc586a6b94e09556abf46ae3aa8cffa8e46dfcb0c22bce0b024d5e01743ceba9e', 'https://etherscan.io/tx/0x76163daf6cf0c815c02fb1a98f5c6283ee7a922cbad41218eb7a6452c91824c8', 'https://etherscan.io/address/0x3C5c2F4bCeC51a36494682f91Dbc6cA7c63B514C', 'https://etherscan.io/address/0x3C5c2F4bCeC51a36494682f91Dbc6cA7c63B514C']"
76,https://rekt.news/jaypegs-automart-rekt/,jaypegs,"['https://etherscan.io/address/0x3dDD8b6D092df917473680d6C41F80F708C45395', 'https://etherscan.io/address/0xe5f7ae14f02894fcf46ffcb225cc4db38f3c4962', 'https://etherscan.io/tx/0x18a6706b99eb82d9bf16e9abe4817eef6506cae388ebfc3777bf9957f0407a34', 'https://etherscan.io/address/0xba6f4f83329b9500672c6955fd5082c9434aaf74', 'https://etherscan.io/tx/0x1d01a4315d24575e61f3999bd4492c7bcdd952ce4dea1b76f5e3c655a0815fc6', 'https://etherscan.io/tx/0x8514bf2c934ce0e8f7f0ab14cb74f77fa7d1359b1a0f3254426bff976ec68764', 'https://etherscan.io/tx/0x201889e15a1afe20ca8cb9a82ac9e162a2c233dddb18a7985cec6260c1ee8735', 'https://etherscan.io/address/0x482c9f85644f1686c490d38291511657da767e61', 'https://etherscan.io/tx/0x001495efab34719e9a58343780ecf23d736c8308977108e051473a2c5b89f35f', 'https://etherscan.io/tx/0xa2a148b4c56dfae66bcfc541b0f3bac4eb1cd45a0afea6d35a472aad2bdfdc23', 'https://etherscan.io/tx/0x838fb025f763f86a020e76b5df907e54bc0e3b1b8a08a36e41c8af9680cff280', 'https://etherscan.io/address/0x3C5c2F4bCeC51a36494682f91Dbc6cA7c63B514C', 'https://etherscan.io/address/0x3C5c2F4bCeC51a36494682f91Dbc6cA7c63B514C']"
77,https://rekt.news/fortress-rekt/,fortress,"['https://bscscan.com/tx/0xd253c7c22a5a526e6240d315f95d6b525828ae0632df7f711c363d1960c6a2cb', 'https://etherscan.io/tx/0x1f1b43b6a56698af777c8c8b7e70eb77f10ff08bd8518c1685b9c19528e3daa5', 'https://etherscan.io/tx/0x1f1b43b6a56698af777c8c8b7e70eb77f10ff08bd8518c1685b9c19528e3daa5', 'https://bscscan.com/tx/0x13d19809b19ac512da6d110764caee75e2157ea62cb70937c8d9471afcb061bf', 'https://bscscan.com/address/0xA6AF2872176320015f8ddB2ba013B38Cb35d22Ad', 'https://etherscan.io/address/0xA6AF2872176320015f8ddB2ba013B38Cb35d22Ad', 'https://etherscan.io/address/0x3C5c2F4bCeC51a36494682f91Dbc6cA7c63B514C', 'https://etherscan.io/address/0x3C5c2F4bCeC51a36494682f91Dbc6cA7c63B514C']"
78,https://rekt.news/deus-dao-rekt/,deus,"['https://ftmscan.com/address/0xec1fc57249cea005fc16b2980470504806fca20d#code', 'https://ftmscan.com/address/0xb8f5c9e18abbb21dfa4329586ee74f1e2b685009', 'https://ftmscan.com/tx/0xe374495036fac18aa5b1a497a17e70f256c4d3d416dd1408c026f3f5c70a3a9c', 'https://ftmscan.com/address/0xb8f5c9e18abbb21dfa4329586ee74f1e2b685009', 'https://ftmscan.com/tx/0xe374495036fac18aa5b1a497a17e70f256c4d3d416dd1408c026f3f5c70a3a9c', 'https://ftmscan.com/tx/0x09dc3a1afd1dae211c31d7ad4b5cd6f68c9350727fa5d4c7c63efb9d287e3210', 'https://ftmscan.com/address/0x1ed5112b32486840071b7cdd2584ded2c66198dd', 'https://etherscan.io/address/0x1ed5112b32486840071b7cdd2584ded2c66198dd', 'https://etherscan.io/address/0x3C5c2F4bCeC51a36494682f91Dbc6cA7c63B514C', 'https://etherscan.io/address/0x3C5c2F4bCeC51a36494682f91Dbc6cA7c63B514C']"
79,https://rekt.news/pancakebunny2-rekt/,pancakebunny2,"['https://polygonscan.com/address/0xa6021d8c36b2de6ceb4fe281b89d37d2be321431', 'https://polygonscan.com/tx/0x25e5d9ea359be7fc50358d18c2b6d429d27620fe665a99ba7ad0ea460e50ae55', 'https://etherscan.io/address/0x3C5c2F4bCeC51a36494682f91Dbc6cA7c63B514C', 'https://etherscan.io/address/0x3C5c2F4bCeC51a36494682f91Dbc6cA7c63B514C']"
80,https://rekt.news/gymnet-rekt/,gymnet,"['https://bscscan.com/address/0x0288fba0bf19072d30490a0f3c81cd9b0634258a#code', 'https://bscscan.com/address/0xb2c035eee03b821cbe78644e5da8b8eaa711d2e5', 'https://bscscan.com/tx/0x8432c1c6613995eeea8a3ae2cfeb9577913db6b7b35dbe26a8c56c02066096e6', 'https://bscscan.com/tx/0x45fbd778ac22e9b108a72226a84c62db43853640b9591931340118123cf5ec6d', 'https://bscscan.com/address/0xb2c035eee03b821cbe78644e5da8b8eaa711d2e5', 'https://bscscan.com/address/0xb2c035eee03b821cbe78644e5da8b8eaa711d2e5', 'https://bscscan.com/tx/0xf009dc69b352f0deeb18b7bdf33a77a038e016d65c666d6180bca40a8f1f7efb', 'https://etherscan.io/address/0xb2c035eee03b821cbe78644e5da8b8eaa711d2e5#internaltx', 'https://etherscan.io/address/0x3C5c2F4bCeC51a36494682f91Dbc6cA7c63B514C', 'https://etherscan.io/address/0x3C5c2F4bCeC51a36494682f91Dbc6cA7c63B514C']"
81,https://rekt.news/revest-finance-rekt/,revest,"['https://etherscan.io/tx/0x18fd1a2b17109c7f2bb7244d99bcfb71d131fd9d522fdc41b8a9fb3cdded9c98', 'https://etherscan.io/tx/0x7bbc01ad66ba9b07fdc82afe4e0c99ffcf317680635d040427afed06b25c8c0f', 'https://etherscan.io/address/0xef967ece5322c0d7d26dab41778acb55ce5bd58b', 'https://etherscan.io/tx/0xe0b0c2672b760bef4e2851e91c69c8c0ad135c6987bbf1f43f5846d89e691428', 'https://etherscan.io/address/0xef967ece5322c0d7d26dab41778acb55ce5bd58b', 'https://etherscan.io/tx/0x2b73bc0af8eaaff12eda97105071ac093ea610c00fd2ee7d33c0020f617feeeb', 'https://etherscan.io/tx/0x3b902013ea6e15587dd876d37182cfc09d208cac27fb33ddfa850e8eae4a8597', 'https://etherscan.io/address/0xef967ece5322c0d7d26dab41778acb55ce5bd58b', 'https://etherscan.io/address/0x3C5c2F4bCeC51a36494682f91Dbc6cA7c63B514C', 'https://etherscan.io/address/0x3C5c2F4bCeC51a36494682f91Dbc6cA7c63B514C']"
82,https://rekt.news/madmeerkat-finance-rekt/,madmeerkat,"['https://cronoscan.com/tx/0xdfb5b6f7698121adc9510d69687f9536c1abe320287e6b053e384956cd7be0da', 'https://cronoscan.com/address/0xb3065fe2125c413e973829108f23e872e1db9a6b', 'https://cronoscan.com/tokentxns?a=0xb3065fe2125c413e973829108f23e872e1db9a6b', 'https://cronoscan.com/tx/0x9df6975c09ee950ae361894f6aa46c1c5e462449156054c73432e84147724ebb', 'https://etherscan.io/address/0xb3065fe2125c413e973829108f23e872e1db9a6b', 'https://etherscan.io/address/0x3C5c2F4bCeC51a36494682f91Dbc6cA7c63B514C', 'https://etherscan.io/address/0x3C5c2F4bCeC51a36494682f91Dbc6cA7c63B514C']"
83,https://rekt.news/au-dodo-rekt/,au,"['https://etherscan.io/address/0x368a6558255bccac517da5106647d8182c571b23', 'https://etherscan.io/tx/0x970b32a8c81dd3fc47fa118621726fc418ec3526c4379470a4000ed7b448360f', 'https://etherscan.io/tx/0x300de107cbca466abe121112848daaf7f5f0d15625d54773dd0bbbff4e276e93', 'https://etherscan.io/tx/0x306d08f3d8af85dfdea7a6edb336d7504e8ecc7c609e4b940d188ba68e11cab5', 'https://etherscan.io/tx/0x56dbf6421c6e6bd779ab0c12fd49e1f7714dd85023aa74abae1940f8d88669cf', 'https://etherscan.io/tx/0xbee2f507b2f4b4321927a9762dac757df12fe1ba2d6f85314273b9ea542a5c13', 'https://etherscan.com/tx/0xaf80cf58c88f0e0f2f44e3902e4c7cd2c17122511fbc6c2d9b2cd43fbc4199b9', 'https://etherscan.io/address/0x328410f276d4fe83fc78fa56ad32d9821a5e5c1c#tokentxns', 'https://etherscan.com/address/0x910fd17b9bfc42a6eea822912f036ef5a080be8a#tokentxns', 'https://etherscan.io/address/0xa305fab8bda7e1638235b054889b3217441dd645', 'https://etherscan.io/address/0x56178a0d5f301baf6cf3e1cd53d9863437345bf9', 'https://etherscan.io/tx/0x0b062361e16a2ea0942cc1b4462b6584208c8c864609ff73aaa640aaa2d92428', 'https://etherscan.io/tx/0xff9b3b2cb09d149762fcffc56ef71362bec1ef6a7d68727155c2d68f395ac1e8', 'https://etherscan.io/tx/0x561f7ccb27b9928df33fa97c2fb99ea3750593e908f9f0f8baf22ec7ca0c5c4a', 'https://etherscan.io/address/0x00000000e84f2bbdfb129ed6e495c7f879f3e634', 'https://etherscan.io/address/0x3554187576ec863af63eea81d25fbf6d3f3f13fc', 'https://etherscan.io/address/0x3C5c2F4bCeC51a36494682f91Dbc6cA7c63B514C', 'https://etherscan.io/address/0x3C5c2F4bCeC51a36494682f91Dbc6cA7c63B514C']"
84,https://rekt.news/akropolis-rekt/,akropolis,"['https://etherscan.io/address/0xe2307837524db8961c4541f943598654240bd62f#tokentxns', 'https://etherscan.io/address/0xe2307837524db8961c4541f943598654240bd62f#tokentxns', 'https://etherscan.io/tx/0xf15623567231c67df2b8bcc5540236fbda2c3ac11ecbec427048f11b582cb869', 'https://etherscan.io/address/0x3C5c2F4bCeC51a36494682f91Dbc6cA7c63B514C', 'https://etherscan.io/address/0x3C5c2F4bCeC51a36494682f91Dbc6cA7c63B514C']"
85,https://rekt.news/bent-finance/,bent,"['https://etherscan.io/address/0x270b6aff561284ef380cdd6d8b036f4981049a86', 'https://etherscan.io/tx/0xf711641ea9814d78780c8a51ad734ad44d58baf3f97256a3f5ec3200a29eadc7', 'https://etherscan.io/address/0xd23cfffa066f81c7640e3f0dc8bb2958f7686d1f', 'https://etherscan.io/tokentxns?a=0xd23cfffa066f81c7640e3f0dc8bb2958f7686d1f', 'https://etherscan.io/tx/0x11961c4df0b27bd7188d451dd18005dc8aff7ad4a80c7f7441b56495cae219c5', 'https://etherscan.io/tx/0x52d4d5a9a83ff8ca6a7fd102954c4c5d2658043d9049abfc47cd8c37692b95be', 'https://etherscan.io/address/0x9e966a54082427d7ac56aeaee4baae7d11a6e468', 'https://etherscan.io/address/0x3C5c2F4bCeC51a36494682f91Dbc6cA7c63B514C', 'https://etherscan.io/address/0x3C5c2F4bCeC51a36494682f91Dbc6cA7c63B514C']"
86,https://rekt.news/8ight-finance-rekt/,8ight,"['https://etherscan.io/address/0x3C5c2F4bCeC51a36494682f91Dbc6cA7c63B514C', 'https://etherscan.io/address/0x3C5c2F4bCeC51a36494682f91Dbc6cA7c63B514C']"
87,https://rekt.news/levyathan-rekt/,levyathan,"['https://bscscan.com/tx/0x03c1ba947d451a8c7beff8ba09d6b505c84d8fee31462bb02ee0b07e9ca4c06b', 'https://bscscan.com/address/0x6cadA45b257DA674f1169B4e68A59765226Fc9aE', 'https://www.bscscan.com/address/0xf3381970372fcA75270C0d67956Fd8D6304377D7', 'https://bscscan.com/token/0xe9e7cea3dedca5984780bafc599bd69add087d56?a=0x3b5d5bb99258990313d9d620bf5ffb68603cfff9', 'https://etherscan.io/address/0x3C5c2F4bCeC51a36494682f91Dbc6cA7c63B514C', 'https://etherscan.io/address/0x3C5c2F4bCeC51a36494682f91Dbc6cA7c63B514C']"
88,https://rekt.news/treasure-dao-rekt/,treasure,"['https://etherscan.io/address/0x3C5c2F4bCeC51a36494682f91Dbc6cA7c63B514C', 'https://etherscan.io/address/0x3C5c2F4bCeC51a36494682f91Dbc6cA7c63B514C']"
89,https://rekt.news/the-big-combo/,the,"['https://etherscan.io/tx/0x82f95242963ac274d63e78234cb71c156f3135c32037e7e5b4424a6043da2a9a', 'https://etherscan.io/tx/0x97373e454e0d5bc7b552de8075c33ea257f570bea519dc2c6220658257b304b5', 'https://etherscan.io/tx/0x97373e454e0d5bc7b552de8075c33ea257f570bea519dc2c6220658257b304b5', 'https://etherscan.io/tx/0x2152214a6be27a904af5a25e77fdca92ae60c6a9d7d298a41f88558649a41a23', 'https://etherscan.io/tx/0xffef18b38096c96c1f6be784ea0ebb07964137858e38f3d65858a79e6a96797f', 'https://etherscan.io/address/0x3C5c2F4bCeC51a36494682f91Dbc6cA7c63B514C', 'https://etherscan.io/address/0x3C5c2F4bCeC51a36494682f91Dbc6cA7c63B514C']"
90,https://rekt.news/autoshark-rekt/,autoshark,"['https://bscscan.com/tx/0xfbe65ad3eed6b28d59bf6043debf1166d3420d214020ef54f12d2e0583a66f13', 'https://etherscan.io/address/0x3C5c2F4bCeC51a36494682f91Dbc6cA7c63B514C', 'https://etherscan.io/address/0x3C5c2F4bCeC51a36494682f91Dbc6cA7c63B514C']"
91,https://rekt.news/merlinlabs-rekt/,merlinlabs,"['https://bscscan.com/tx/0x8e20a1118a669d03b66c5eca2d937646bd855a998afb1e94b94ff6303456ff97', 'https://etherscan.io/address/0x3C5c2F4bCeC51a36494682f91Dbc6cA7c63B514C', 'https://etherscan.io/address/0x3C5c2F4bCeC51a36494682f91Dbc6cA7c63B514C']"
92,https://rekt.news/merlin2-rekt/,merlin2,"['https://bscscan.com/tx/0x664cbe3af9d7627819e1955a90d777d6cf492021eede057bc52686186da192e5', 'https://bscscan.com/address/0xf6f6cc59ca893bd11180654b285b1a0652fca36a', 'https://etherscan.io/address/0x3C5c2F4bCeC51a36494682f91Dbc6cA7c63B514C', 'https://etherscan.io/address/0x3C5c2F4bCeC51a36494682f91Dbc6cA7c63B514C']"
93,https://rekt.news/merlin3-rekt/,merlin3,"['https://bscscan.com/address/0x2bADa393e53D0373788d15fD98CB5Fb1441645BD', 'https://etherscan.io/address/0x2bADa393e53D0373788d15fD98CB5Fb1441645BD', 'https://etherscan.io/address/0x3C5c2F4bCeC51a36494682f91Dbc6cA7c63B514C', 'https://etherscan.io/address/0x3C5c2F4bCeC51a36494682f91Dbc6cA7c63B514C']"
94,https://rekt.news/saddle-finance-rekt/,saddle,"['https://etherscan.io/tx/0x3c351cea655b8a50348e6ffa1bfff5b4ce68f99366cfad3d8a02ffb01f63138a', 'https://etherscan.io/tx/0x3c351cea655b8a50348e6ffa1bfff5b4ce68f99366cfad3d8a02ffb01f63138a', 'https://etherscan.io/tx/0x299ff1ac7fcec4624ec63bd0192f3df1fc8ca48211e898ac9d6caa828a33de46', 'https://etherscan.io/tx/0x40d860b536effc7f0f8814d3bc2db88a8d9c80f0b701a224b660578b049a0283', 'https://etherscan.io/address/0x3C5c2F4bCeC51a36494682f91Dbc6cA7c63B514C', 'https://etherscan.io/address/0x3C5c2F4bCeC51a36494682f91Dbc6cA7c63B514C']"
95,https://rekt.news/safedollar-rekt/,safedollar,"['https://polygonscan.com/tx/0x55dad44a7ed31d1637e70879af66e02290d39aea54554f8411e6ec19c03a074b', 'https://polygonscan.com/token/0x7a5dc8a09c831251026302c93a778748dd48b4df', 'https://polygonscan.com/tx/0xd78ff27f33576ff7ece3a58943f3e74caaa9321bcc3238e4cf014eca2e89ce3f', 'https://etherscan.io/address/0x3C5c2F4bCeC51a36494682f91Dbc6cA7c63B514C', 'https://etherscan.io/address/0x3C5c2F4bCeC51a36494682f91Dbc6cA7c63B514C']"
